strategy,lingua,perturbation,f1,em,chrf,bleu,SBERT
P1-fewshot,es,alteration,0.5725,0.0958,60.8463,34.2679,0.7658
P1-fewshot,es,expansion_impact,0.6415,0.1753,65.7036,40.5343,0.8113
P1-fewshot,es,expansion_noimpact,0.653,0.1774,66.1366,41.3658,0.8109
P1-fewshot,es,intensifier,0.6506,0.1685,66.5268,42.1061,0.8222
P1-fewshot,es,omission,0.6318,0.1729,64.6284,40.627,0.808
P1-fewshot,es,spelling,0.6642,0.1795,67.4668,43.9483,0.8197
P1-fewshot,es,synonym,0.6643,0.191,67.8361,44.8391,0.8303
P1-fewshot,es,word_order,0.6587,0.1956,66.7542,43.272,0.8186
P1-fewshot,fr,alteration,0.5863,0.1057,60.9061,34.3273,0.7591
P1-fewshot,fr,expansion_impact,0.6156,0.143,62.9445,37.2287,0.8027
P1-fewshot,fr,expansion_noimpact,0.6656,0.1865,67.0304,44.3436,0.82
P1-fewshot,fr,intensifier,0.6783,0.2058,68.305,45.3895,0.8281
P1-fewshot,fr,omission,0.6251,0.1603,62.0348,39.7489,0.784
P1-fewshot,fr,spelling,0.669,0.204,67.3022,44.8141,0.8161
P1-fewshot,fr,synonym,0.6559,0.204,65.7404,43.9209,0.8143
P1-fewshot,fr,word_order,0.6467,0.1844,65.1486,41.1533,0.8175
P1-fewshot,hi,alteration,0.5764,0.1364,58.7188,35.4956,0.7513
P1-fewshot,hi,expansion_impact,0.6076,0.1472,62.2212,38.1198,0.7724
P1-fewshot,hi,expansion_noimpact,0.6065,0.1548,61.0835,38.8356,0.7717
P1-fewshot,hi,intensifier,0.607,0.1492,60.3149,38.2078,0.7654
P1-fewshot,hi,omission,0.5727,0.1413,56.8118,35.0669,0.7441
P1-fewshot,hi,spelling,0.606,0.1563,60.2597,38.3404,0.7663
P1-fewshot,hi,synonym,0.6048,0.1532,60.3617,37.5383,0.7651
P1-fewshot,hi,word_order,0.6051,0.1462,60.5109,36.6938,0.7716
P1-fewshot,tl,alteration,0.5551,0.1292,57.4537,34.615,0.7157
P1-fewshot,tl,expansion_impact,0.5833,0.152,60.1207,36.7503,0.7485
P1-fewshot,tl,expansion_noimpact,0.5844,0.1675,60.8585,37.7437,0.7468
P1-fewshot,tl,intensifier,0.5746,0.1647,59.3409,35.9216,0.7436
P1-fewshot,tl,omission,0.5602,0.1271,56.4623,33.6721,0.7202
P1-fewshot,tl,spelling,0.5931,0.1536,61.0596,37.3215,0.7429
P1-fewshot,tl,synonym,0.6071,0.1581,60.8825,38.18,0.7525
P1-fewshot,tl,word_order,0.5876,0.1603,60.1515,36.8133,0.7446
P1-fewshot,zh,alteration,0.6081,0.1275,61.5589,37.1816,0.769
P1-fewshot,zh,expansion_impact,0.6279,0.1705,63.0032,40.1727,0.7869
P1-fewshot,zh,expansion_noimpact,0.6383,0.1831,63.7446,41.4232,0.7992
P1-fewshot,zh,intensifier,0.6633,0.1888,65.5531,43.569,0.8076
P1-fewshot,zh,omission,0.6032,0.1165,59.3819,36.3416,0.7725
P1-fewshot,zh,spelling,0.657,0.1927,65.9159,44.287,0.8066
P1-fewshot,zh,synonym,0.6576,0.2022,65.5622,45.0196,0.8118
P1-fewshot,zh,word_order,0.6552,0.2063,65.5795,43.4987,0.8117
P2-cot,es,alteration,0.3986,0.1603,42.7424,21.9517,0.5773
P2-cot,es,expansion_impact,0.4621,0.1882,49.0965,25.4245,0.6246
P2-cot,es,expansion_noimpact,0.4467,0.1728,48.1496,24.8427,0.6081
P2-cot,es,intensifier,0.4646,0.1938,50.3051,27.5239,0.6301
P2-cot,es,omission,0.4412,0.1421,46.2303,23.5001,0.6183
P2-cot,es,spelling,0.4722,0.2061,49.6572,27.1503,0.6347
P2-cot,es,synonym,0.4784,0.204,50.2939,28.5856,0.6389
P2-cot,es,word_order,0.4847,0.1997,50.0004,26.9477,0.6364
P2-cot,fr,alteration,0.3388,0.1172,37.9375,18.0281,0.5495
P2-cot,fr,expansion_impact,0.443,0.1536,47.6474,24.6065,0.6431
P2-cot,fr,expansion_noimpact,0.4827,0.1779,51.3313,28.3934,0.6719
P2-cot,fr,intensifier,0.4629,0.1833,50.7788,28.1255,0.667
P2-cot,fr,omission,0.4714,0.18,49.2238,28.9223,0.6614
P2-cot,fr,spelling,0.492,0.1967,51.7088,30.4255,0.6813
P2-cot,fr,synonym,0.4719,0.1878,50.6541,29.0138,0.673
P2-cot,fr,word_order,0.4954,0.1933,52.3495,29.7476,0.6875
P2-cot,hi,alteration,0.3862,0.1415,40.3317,22.0497,0.5605
P2-cot,hi,expansion_impact,0.4171,0.1792,42.4044,23.775,0.5741
P2-cot,hi,expansion_noimpact,0.436,0.1914,43.3696,25.8584,0.5802
P2-cot,hi,intensifier,0.4278,0.1892,43.6909,25.0334,0.5888
P2-cot,hi,omission,0.3614,0.121,36.2673,20.4122,0.5136
P2-cot,hi,spelling,0.4238,0.1978,41.9149,25.2472,0.5702
P2-cot,hi,synonym,0.3968,0.1626,40.2582,23.8644,0.549
P2-cot,hi,word_order,0.3993,0.1267,39.8524,20.6859,0.5579
P2-cot,tl,alteration,0.3613,0.1317,39.3408,22.1983,0.545
P2-cot,tl,expansion_impact,0.4165,0.2077,43.8491,26.9488,0.5668
P2-cot,tl,expansion_noimpact,0.4257,0.1934,45.2191,27.2922,0.5859
P2-cot,tl,intensifier,0.417,0.1937,44.4453,26.1505,0.5785
P2-cot,tl,omission,0.3587,0.1573,40.0172,22.1599,0.5499
P2-cot,tl,spelling,0.3867,0.1585,43.4291,24.6597,0.5669
P2-cot,tl,synonym,0.3759,0.1573,40.9158,23.1827,0.5421
P2-cot,tl,word_order,0.4231,0.2196,44.1071,27.8214,0.5832
P2-cot,zh,alteration,0.3955,0.1401,40.3252,23.6213,0.5404
P2-cot,zh,expansion_impact,0.4407,0.181,44.9651,25.6801,0.5962
P2-cot,zh,expansion_noimpact,0.4643,0.1903,45.9944,28.1962,0.6048
P2-cot,zh,intensifier,0.4484,0.1851,45.8343,27.1831,0.6044
P2-cot,zh,omission,0.3838,0.1489,38.1741,22.1553,0.5293
P2-cot,zh,spelling,0.4463,0.1632,45.5672,26.6531,0.5998
P2-cot,zh,synonym,0.459,0.1881,45.6183,26.8031,0.6195
P2-cot,zh,word_order,0.4877,0.2041,49.2773,29.7404,0.6349
P3-concise,es,alteration,0.3799,0.0835,41.4402,21.442,0.5723
P3-concise,es,expansion_impact,0.4129,0.0917,44.1251,23.7479,0.6058
P3-concise,es,expansion_noimpact,0.4415,0.0899,46.1023,25.0372,0.6229
P3-concise,es,intensifier,0.4481,0.0934,45.66,24.6725,0.611
P3-concise,es,omission,0.4292,0.0799,44.1871,23.8553,0.5952
P3-concise,es,spelling,0.4744,0.1123,49.1927,28.1947,0.6337
P3-concise,es,synonym,0.4445,0.1188,46.5534,26.8845,0.6118
P3-concise,es,word_order,0.4871,0.1303,48.9991,27.8678,0.6421
P3-concise,fr,alteration,0.3392,0.0468,37.0998,18.479,0.5349
P3-concise,fr,expansion_impact,0.4202,0.0697,43.6113,22.7538,0.6364
P3-concise,fr,expansion_noimpact,0.4614,0.103,46.767,25.5984,0.6526
P3-concise,fr,intensifier,0.4493,0.0824,46.1827,25.4624,0.6448
P3-concise,fr,omission,0.4278,0.0954,44.3788,23.8797,0.622
P3-concise,fr,spelling,0.4589,0.1143,47.3366,27.2302,0.6524
P3-concise,fr,synonym,0.4475,0.113,45.8047,25.9454,0.6378
P3-concise,fr,word_order,0.4552,0.1193,46.7937,26.6372,0.6416
P3-concise,hi,alteration,0.3952,0.0847,39.7034,20.0013,0.5659
P3-concise,hi,expansion_impact,0.3916,0.1005,39.8259,22.9601,0.567
P3-concise,hi,expansion_noimpact,0.4233,0.1001,41.4613,23.9287,0.5845
P3-concise,hi,intensifier,0.4087,0.1063,41.3582,24.3908,0.589
P3-concise,hi,omission,0.3576,0.0525,36.6563,18.9913,0.5325
P3-concise,hi,spelling,0.4154,0.112,42.0341,24.0108,0.5914
P3-concise,hi,synonym,0.4419,0.116,43.9115,25.8957,0.6022
P3-concise,hi,word_order,0.4138,0.0884,40.0415,22.6015,0.5708
P3-concise,tl,alteration,0.3401,0.0565,36.5507,20.3428,0.4934
P3-concise,tl,expansion_impact,0.3743,0.079,37.785,20.8643,0.5129
P3-concise,tl,expansion_noimpact,0.3842,0.0758,40.0998,22.2117,0.5198
P3-concise,tl,intensifier,0.3835,0.1007,39.7481,22.6145,0.5113
P3-concise,tl,omission,0.3447,0.0996,37.5876,21.838,0.4895
P3-concise,tl,spelling,0.3512,0.0921,38.252,21.9624,0.4979
P3-concise,tl,synonym,0.3595,0.0864,38.0092,22.0835,0.4984
P3-concise,tl,word_order,0.3731,0.1,38.7442,22.9031,0.5076
P3-concise,zh,alteration,0.461,0.089,46.5079,25.8832,0.6207
P3-concise,zh,expansion_impact,0.4622,0.0915,45.708,24.8483,0.6547
P3-concise,zh,expansion_noimpact,0.4831,0.1077,46.8251,27.0253,0.6737
P3-concise,zh,intensifier,0.5011,0.1143,48.575,28.1556,0.6901
P3-concise,zh,omission,0.426,0.0911,43.5662,24.1246,0.6297
P3-concise,zh,spelling,0.474,0.1062,46.5448,26.7274,0.6569
P3-concise,zh,synonym,0.4945,0.1128,47.3867,27.2364,0.6795
P3-concise,zh,word_order,0.5053,0.1508,49.6992,28.7474,0.6819
